Charges,ln_charges,Age,Sex,BMI,Children,Smoker,Region
16884.924,9.734176432,19,female,27.9,0,yes,southwest
1725.5523,7.453302452,18,male,33.77,1,no,southeast
4449.462,8.400538469,28,male,33,3,no,southeast
21984.47061,9.998091602,33,male,22.705,0,no,northwest
3866.8552,8.260196846,32,male,28.88,0,no,northwest
3756.6216,8.231275322,31,female,25.74,0,no,southeast
8240.5896,9.016827174,46,female,33.44,1,no,southeast
7281.5056,8.893092933,37,female,27.74,3,no,northwest
6406.4107,8.76505444,37,male,29.83,2,no,northeast
28923.13692,10.27239714,60,female,25.84,0,no,northwest
2721.3208,7.90887263,25,male,26.22,0,no,northeast
27808.7251,10.2331051,62,female,26.29,0,yes,southeast
1826.843,7.510344619,23,male,34.4,0,no,southwest
11090.7178,9.313863803,56,female,39.82,0,no,southeast
39611.7577,10.58688126,27,male,42.13,0,yes,southeast
1837.237,7.516018092,19,male,24.6,1,no,southwest
10797.3362,9.287054735,52,female,30.78,1,no,northeast
2395.17155,7.781210136,23,male,23.845,0,no,northeast
10602.385,9.268834255,56,male,40.3,0,no,southwest
36837.467,10.51427073,30,male,35.3,0,yes,southwest
13228.84695,9.490155099,60,female,36.005,0,no,northeast
4149.736,8.330799997,30,female,32.4,1,no,southwest
1137.011,7.036158168,18,male,34.1,0,no,southeast
37701.8768,10.53746515,34,female,31.92,1,yes,northeast
6203.90175,8.732933688,37,male,28.025,2,no,northwest
14001.1338,9.546893591,59,female,27.72,3,no,southeast
14451.83515,9.578576685,63,female,23.085,0,no,northeast
12268.63225,9.41480106,55,female,32.775,2,no,northwest
2775.19215,7.928475267,23,male,17.385,1,no,northwest
38711,10.56387908,31,male,36.3,2,yes,southwest
35585.576,10.47969567,22,male,35.6,0,yes,southwest
2198.18985,7.695389505,18,female,26.315,0,no,northeast
4687.797,8.452718028,19,female,28.6,5,no,southwest
13770.0979,9.530254701,63,male,28.31,0,no,northwest
51194.55914,10.84338854,28,male,36.4,1,yes,southwest
1625.43375,7.393529982,19,male,20.425,0,no,northwest
15612.19335,9.655807513,62,female,32.965,3,no,northwest
2302.3,7.741663902,26,male,20.8,0,no,southwest
39774.2763,10.59097566,35,male,36.67,1,yes,northeast
48173.361,10.78256147,60,male,39.9,0,yes,southwest
3046.062,8.021604888,24,female,26.6,0,no,northeast
4949.7587,8.507094107,31,female,36.63,2,no,southeast
6272.4772,8.743926643,41,male,21.78,1,no,southeast
6313.759,8.750486499,37,female,30.8,2,no,southeast
6079.6715,8.712705944,38,male,37.05,1,no,northeast
20630.28351,9.934515349,55,male,37.3,0,no,southwest
3393.35635,8.129574784,18,female,38.665,2,no,northeast
3556.9223,8.176650927,28,female,34.77,0,no,northwest
12629.8967,9.443822036,60,female,24.53,0,no,southeast
38709.176,10.56383196,36,male,35.2,1,yes,southeast
2211.13075,7.701259315,18,female,35.625,0,no,northeast
3579.8287,8.183070229,21,female,33.63,2,no,northwest
23568.272,10.06765668,48,male,28,1,yes,southwest
37742.5757,10.53854407,36,male,34.43,0,yes,southeast
8059.6791,8.994629021,40,female,28.69,3,no,northwest
47496.49445,10.76841119,58,male,36.955,2,yes,northwest
13607.36875,9.518366745,58,female,31.825,2,no,northeast
34303.1672,10.44299297,18,male,31.68,2,yes,southeast
23244.7902,10.05383631,53,female,22.88,1,yes,southeast
5989.52365,8.697767164,34,female,37.335,2,no,northwest
8606.2174,9.060240175,43,male,27.36,3,no,northeast
4504.6624,8.412868228,25,male,33.66,4,no,southeast
30166.61817,10.31449123,64,male,24.7,1,no,northwest
4133.64165,8.326914053,28,female,25.935,1,no,northwest
14711.7438,9.596401352,20,female,22.42,0,yes,northwest
1743.214,7.463485815,19,female,28.9,0,no,southwest
14235.072,9.563464058,61,female,39.1,2,no,southwest
6389.37785,8.76239218,40,male,26.315,1,no,northwest
5920.1041,8.686109312,40,female,36.19,0,no,southeast
17663.1442,9.779235499,28,male,23.98,3,yes,southeast
16577.7795,9.715818493,27,female,24.75,0,yes,southeast
6799.458,8.824598182,31,male,28.5,5,no,northeast
11741.726,9.370904101,53,female,28.1,3,no,southwest
11946.6259,9.388204166,58,male,32.01,1,no,southeast
7726.854,8.952457073,44,male,27.4,2,no,southwest
11356.6609,9.337559714,57,male,34.01,0,no,northwest
3947.4131,8.280815732,29,female,29.59,1,no,southeast
1532.4697,7.334635896,21,male,35.53,0,no,southeast
2755.02095,7.921180326,22,female,39.805,0,no,northeast
6571.02435,8.790425013,41,female,32.965,0,no,northwest
4441.21315,8.39868285,31,male,26.885,1,no,northeast
7935.29115,8.979075324,45,female,38.285,0,no,northeast
37165.1638,10.52312714,22,male,37.62,1,yes,southeast
11033.6617,9.308706034,48,female,41.23,4,no,northwest
39836.519,10.59253933,37,female,34.8,2,yes,southwest
21098.55405,9.956959789,45,male,22.895,2,yes,northwest
43578.9394,10.68232927,57,female,31.16,0,yes,northwest
11073.176,9.312280886,56,female,27.2,0,no,southwest
8026.6666,8.990524602,46,female,27.74,0,no,northwest
11082.5772,9.313129533,55,female,26.98,0,no,northwest
2026.9741,7.614299369,21,female,39.49,0,no,southeast
10942.13205,9.300375943,53,female,24.795,1,no,northwest
30184.9367,10.31509829,59,male,29.83,3,yes,northeast
5729.0053,8.6532972,35,male,34.77,2,no,northwest
47291.055,10.76407644,64,female,31.3,2,yes,southwest
3766.8838,8.23400336,28,female,37.62,1,no,southeast
12105.32,9.401400304,54,female,30.8,3,no,southwest
10226.2842,9.232716567,55,male,38.28,0,no,southeast
22412.6485,10.01738074,56,male,19.95,0,yes,northeast
15820.699,9.669074425,38,male,19.3,0,yes,southwest
6186.127,8.730064483,41,female,31.6,0,no,southwest
3645.0894,8.201136171,30,male,25.46,0,no,northeast
21344.8467,9.968565617,18,female,30.115,0,no,northeast
30942.1918,10.33987596,61,female,29.92,3,yes,southeast
5003.853,8.517963495,34,female,27.5,1,no,southwest
17560.37975,9.773400493,20,male,28.025,1,yes,northwest
2331.519,7.754275265,19,female,28.4,1,no,southwest
3877.30425,8.26289541,26,male,30.875,2,no,northwest
2867.1196,7.961063181,29,male,27.94,0,no,southeast
47055.5321,10.75908372,63,male,35.09,0,yes,southeast
10825.2537,9.289636989,54,male,33.63,1,no,northwest
11881.358,9.382725896,55,female,29.7,2,no,southwest
4646.759,8.443925266,37,male,30.8,0,no,southwest
2404.7338,7.78519449,21,female,35.72,0,no,northwest
11488.31695,9.349085881,52,male,32.205,3,no,northeast
30259.99556,10.31758184,60,male,28.595,0,no,northeast
11381.3254,9.339729168,58,male,49.06,0,no,southeast
19107.7796,9.85785084,29,female,27.94,1,yes,southeast
8601.3293,9.05967204,49,female,27.17,0,no,southeast
6686.4313,8.807835573,37,female,23.37,2,no,northwest
7740.337,8.954200506,44,male,37.1,2,no,southwest
1705.6245,7.441686598,18,male,23.75,0,no,northeast
2257.47525,7.722002322,20,female,28.975,0,no,northwest
39556.4945,10.58548517,44,male,31.35,1,yes,northeast
10115.00885,9.221775625,47,female,33.915,3,no,northwest
3385.39915,8.127227096,26,female,28.785,0,no,northeast
17081.08,9.745726697,19,female,28.3,0,yes,southwest
9634.538,9.17310963,52,female,37.4,0,no,southwest
32734.1863,10.39617526,32,female,17.765,2,yes,northwest
6082.405,8.713155456,38,male,34.7,2,no,southwest
12815.44495,9.458406359,59,female,26.505,0,no,northeast
13616.3586,9.519027187,61,female,22.04,0,no,northeast
11163.568,9.320410898,53,female,35.9,2,no,southwest
1632.56445,7.39790734,19,male,25.555,0,no,northwest
2457.21115,7.806782307,20,female,28.785,0,no,northeast
2155.6815,7.675862194,22,female,28.05,0,no,southeast
1261.442,7.14001079,19,male,34.1,0,no,southwest
2045.68525,7.623488098,22,male,25.175,0,no,northwest
27322.73386,10.21547438,54,female,31.9,3,no,southeast
2166.732,7.680975321,22,female,36,0,no,southwest
27375.90478,10.21741852,34,male,22.42,2,no,northeast
3490.5491,8.157814338,26,male,32.49,1,no,northeast
18972.495,9.850745578,34,male,25.3,2,yes,southeast
18157.876,9.806859685,29,male,29.735,2,no,northwest
20745.9891,9.940108211,30,male,28.69,3,yes,northwest
5138.2567,8.544469137,29,female,38.83,3,no,southeast
40720.55105,10.61448818,46,male,30.495,3,yes,northwest
9877.6077,9.198025626,51,female,37.73,1,no,southeast
10959.6947,9.301979704,53,female,37.43,1,no,northwest
1842.519,7.518888936,19,male,28.4,1,no,southwest
5125.2157,8.541927891,35,male,24.13,1,no,northwest
7789.635,8.960549283,48,male,29.7,0,no,southeast
6334.34355,8.753741465,32,female,37.145,3,no,northeast
19964.7463,9.901723312,42,female,23.37,0,yes,northeast
7077.1894,8.86463213,40,female,25.46,1,no,northeast
6948.7008,8.846309986,44,male,39.52,0,no,northwest
21223.6758,9.962872621,48,male,24.42,0,yes,southeast
15518.18025,9.649767535,18,male,25.175,0,yes,northeast
36950.2567,10.51732787,30,male,35.53,0,yes,southeast
19749.38338,9.890877549,50,female,27.83,3,no,southeast
21348.706,9.968746408,42,female,26.6,0,yes,northwest
36149.4835,10.49541794,18,female,36.85,0,yes,southeast
10450.552,9.254410079,54,male,39.6,1,no,southwest
5152.134,8.547166277,32,female,29.8,2,no,southwest
5028.1466,8.522806726,37,male,29.64,0,no,northwest
10407.08585,9.250242185,47,male,28.215,4,no,northeast
4830.63,8.482732173,20,female,37,5,no,southwest
6128.79745,8.720753835,32,female,33.155,3,no,northwest
2719.27975,7.908122326,19,female,31.825,1,no,northwest
4827.90495,8.482167895,27,male,18.905,3,no,northeast
13405.3903,9.503412166,63,male,41.47,0,no,southeast
8116.68,9.001676483,49,male,30.3,0,no,southwest
1694.7964,7.435317895,18,male,15.96,0,no,northeast
5246.047,8.56523012,35,female,34.8,1,no,southwest
2855.43755,7.956980368,24,female,33.345,0,no,northwest
48824.45,10.79598649,63,female,37.7,0,yes,southwest
6455.86265,8.772743935,38,male,27.835,2,no,northwest
10436.096,9.253025845,54,male,29.2,1,no,southwest
8823.279,9.085148849,46,female,28.9,2,no,southwest
8538.28845,9.052315851,41,female,33.155,3,no,northeast
11735.87905,9.370406014,58,male,28.595,0,no,northwest
1631.8212,7.397451971,18,female,38.28,0,no,southeast
4005.4225,8.295404347,22,male,19.95,3,no,northeast
7419.4779,8.91186397,44,female,26.41,0,no,northwest
7731.4271,8.953048743,44,male,30.69,2,no,southeast
43753.33705,10.68632316,36,male,41.895,3,yes,northeast
3981.9768,8.289533658,26,female,29.92,2,no,southeast
5325.651,8.580290237,30,female,30.9,3,no,southwest
6775.961,8.821136481,41,female,32.2,1,no,southwest
4922.9159,8.501656297,29,female,32.11,2,no,northwest
12557.6053,9.438081761,61,male,31.57,0,no,southeast
4883.866,8.493692398,36,female,26.2,0,no,southwest
2137.6536,7.667464058,25,male,25.74,0,no,southeast
12044.342,9.396350285,56,female,26.6,1,no,northwest
1137.4697,7.036561513,18,male,34.43,0,no,southeast
1639.5631,7.402185083,19,male,30.59,0,no,northwest
5649.715,8.63936038,39,female,32.8,0,no,southwest
8516.829,9.049799367,45,female,28.6,2,no,southeast
9644.2525,9.174117421,51,female,18.05,0,no,northwest
14901.5167,9.609218279,64,female,39.33,0,no,northeast
2130.6759,7.664194532,19,female,32.11,0,no,northwest
8871.1517,9.090559909,48,female,32.23,1,no,southeast
13012.20865,9.473643323,60,female,24.035,0,no,northwest
37133.8982,10.52228553,27,female,36.08,0,yes,southeast
7147.105,8.874462659,46,male,22.3,0,no,southwest
4337.7352,8.375107648,28,female,28.88,1,no,northeast
11743.299,9.371038059,59,male,26.4,0,no,southeast
20984.0936,9.951519982,35,male,27.74,2,yes,northeast
13880.949,9.538272603,63,female,31.8,0,no,southwest
6610.1097,8.796355529,40,male,41.23,1,no,northeast
1980.07,7.590887477,20,male,33,1,no,southwest
8162.71625,9.007332266,40,male,30.875,4,no,northwest
3537.703,8.171232925,24,male,28.5,2,no,northwest
5002.7827,8.517749577,34,female,26.73,1,no,southeast
8520.026,9.050174671,45,female,30.9,2,no,southwest
7371.772,8.90541339,41,female,37.1,2,no,southwest
10355.641,9.245286674,53,female,26.6,0,no,northwest
2483.736,7.817519157,27,male,23.1,0,no,southeast
3392.9768,8.129462927,26,female,29.92,1,no,southeast
25081.76784,10.12989648,24,female,23.21,0,no,southeast
5012.471,8.519684286,34,female,33.7,1,no,southwest
10564.8845,9.265290998,53,female,33.25,0,no,northeast
5253.524,8.566654369,32,male,30.8,3,no,southwest
34779.615,10.45678672,19,male,34.8,0,yes,southwest
19515.5416,9.878966432,42,male,24.64,0,yes,southeast
11987.1682,9.39159204,55,male,33.88,3,no,southeast
2689.4954,7.897108871,28,male,38.06,0,no,southeast
24227.33724,10.09523691,58,female,41.91,0,no,southeast
7358.17565,8.903567307,41,female,31.635,1,no,northeast
9225.2564,9.129700263,47,male,25.46,2,no,northeast
7443.64305,8.915115665,42,female,36.195,1,no,northwest
14001.2867,9.546904512,59,female,27.83,3,no,southeast
1727.785,7.45459552,19,female,17.8,0,no,southwest
12333.828,9.42010101,59,male,27.5,1,no,southwest
6710.1919,8.811382829,39,male,24.51,2,no,northwest
19444.2658,9.875307488,40,female,22.22,2,yes,southeast
1615.7667,7.38756486,18,female,26.73,0,no,southeast
4463.2051,8.403622419,31,male,38.39,2,no,southeast
17352.6803,9.761502258,19,male,29.07,0,yes,northwest
7152.6714,8.875241188,44,male,38.06,1,no,southeast
38511.6283,10.55871551,23,female,36.67,2,yes,northeast
5354.07465,8.585613167,33,female,22.135,1,no,northeast
35160.13457,10.46766818,55,female,26.8,1,no,southwest
7196.867,8.881401071,40,male,35.3,3,no,southwest
29523.1656,10.29293051,63,female,27.74,0,yes,northeast
24476.47851,10.10546787,54,male,30.02,0,no,northwest
12648.7034,9.445309991,60,female,38.06,0,no,southeast
1986.9334,7.594347724,24,male,35.86,0,no,southeast
1832.094,7.513214854,19,male,20.9,1,no,southwest
4040.55825,8.304138142,29,male,28.975,1,no,northeast
12829.4551,9.459498986,18,male,17.29,2,yes,northeast
47305.305,10.76437772,63,female,32.2,2,yes,southwest
44260.7499,10.69785356,54,male,34.21,2,yes,southeast
4260.744,8.357199072,27,male,30.3,3,no,southwest
41097.16175,10.62369434,50,male,31.825,0,yes,northeast
13047.33235,9.476338974,55,female,25.365,3,no,northeast
43921.1837,10.69015203,56,male,33.63,0,yes,northwest
5400.9805,8.59433579,38,female,40.15,0,no,southeast
11520.09985,9.351848602,51,male,24.415,4,no,northwest
33750.2918,10.42674434,19,male,31.92,0,yes,northwest
11837.16,9.378999015,58,female,25.2,0,no,southwest
17085.2676,9.745971827,20,female,26.84,1,yes,southeast
24869.8368,10.12141097,52,male,24.32,3,yes,northeast
36219.40545,10.49735032,19,male,36.955,0,yes,northwest
20462.99766,9.926373542,53,female,38.06,3,no,southeast
46151.1245,10.73967661,46,male,42.35,3,yes,southeast
17179.522,9.751473372,40,male,19.8,1,yes,southeast
14590.63205,9.588134961,59,female,32.395,3,no,northeast
7441.053,8.91476765,45,male,30.2,1,no,southwest
9282.4806,9.135884096,49,male,25.84,1,no,northeast
1719.4363,7.449751784,18,male,29.37,1,no,southeast
42856.838,10.66562049,50,male,34.2,2,yes,southwest
7265.7025,8.890920268,41,male,37.05,2,no,northwest
9617.66245,9.171356526,50,male,27.455,1,no,northeast
2523.1695,7.833271128,25,male,27.55,0,no,northwest
9715.841,9.181512925,47,female,26.6,2,no,northeast
2803.69785,7.938694486,19,male,20.615,2,no,northwest
2150.469,7.673441237,22,female,24.3,0,no,southwest
12928.7911,9.467211972,59,male,31.79,2,no,southeast
9855.1314,9.195747553,51,female,21.56,1,no,southeast
22331.5668,10.01375651,40,female,28.12,1,yes,northeast
48549.17835,10.79033255,54,male,40.565,3,yes,northeast
4237.12655,8.351640618,30,male,27.645,1,no,northeast
11879.10405,9.382536173,55,female,32.395,1,no,northeast
9625.92,9.172214739,52,female,31.2,0,no,southwest
7742.1098,8.954429513,46,male,26.62,1,no,southeast
9432.9253,9.15196154,46,female,48.07,2,no,northeast
14256.1928,9.564946674,63,female,26.22,0,no,northwest
47896.79135,10.77680379,59,female,36.765,1,yes,northeast
25992.82104,10.16557567,52,male,26.4,3,no,southeast
3172.018,8.062123257,28,female,33.4,0,no,southwest
20277.80751,9.917282341,29,male,29.64,1,no,northeast
42112.2356,10.64809361,25,male,45.54,2,yes,southeast
2156.7518,7.676358573,22,female,28.82,0,no,southeast
3906.127,8.270301625,25,male,26.8,3,no,southwest
1704.5681,7.441067044,18,male,22.99,0,no,northeast
16297.846,9.698788231,19,male,27.7,0,yes,southwest
21978.6769,9.997828031,47,male,25.41,1,yes,southeast
38746.3551,10.56479197,31,male,34.39,3,yes,northwest
9249.4952,9.132324256,48,female,28.88,1,no,northwest
6746.7425,8.816815075,36,male,27.55,3,no,northeast
24873.3849,10.12155363,53,female,22.61,3,yes,northeast
12265.5069,9.414546285,56,female,37.51,2,no,southeast
4349.462,8.377807438,28,female,33,2,no,southeast
12646.207,9.445112607,57,female,38,2,no,southwest
19442.3535,9.875209136,29,male,33.345,2,no,northwest
20177.67113,9.912331882,28,female,27.5,2,no,southwest
4151.0287,8.331111462,30,female,33.33,1,no,southeast
11944.59435,9.388034099,58,male,34.865,0,no,northeast
7749.1564,8.955339265,41,female,33.06,2,no,northwest
8444.474,9.041267542,50,male,26.6,0,no,southwest
1737.376,7.460131208,19,female,24.7,0,no,southwest
42124.5153,10.64838516,43,male,35.97,3,yes,southeast
8124.4084,9.002628192,49,male,35.86,0,no,southeast
34838.873,10.45848908,27,female,31.4,0,yes,southwest
9722.7695,9.182225785,52,male,33.25,0,no,northeast
8835.26495,9.086506373,50,male,32.205,0,no,northwest
10435.06525,9.252927072,54,male,32.775,0,no,northeast
7421.19455,8.912095314,44,female,27.645,0,no,northwest
4667.60765,8.448401939,32,male,37.335,1,no,northeast
4894.7533,8.495919155,34,male,25.27,1,no,northwest
24671.66334,10.11341063,26,female,29.64,4,no,northeast
35491.64,10.47705245,34,male,30.8,0,yes,southwest
11566.30055,9.355851024,57,male,40.945,0,no,northeast
2866.091,7.960704359,29,male,27.2,0,no,southwest
6600.20595,8.794856132,40,male,34.105,1,no,northeast
3561.8889,8.178046273,27,female,23.21,1,no,southeast
42760.5022,10.66337011,45,male,36.48,2,yes,northwest
47928.03,10.77745579,64,female,33.8,1,yes,southwest
9144.565,9.120914993,52,male,36.7,0,no,southwest
48517.56315,10.78968114,61,female,36.385,1,yes,northeast
24393.6224,10.102077,52,male,27.36,0,yes,northwest
13429.0354,9.505174463,61,female,31.16,0,no,northwest
11658.37915,9.363780441,56,female,28.785,0,no,northeast
19144.57652,9.859774744,43,female,35.72,2,no,northeast
13822.803,9.534074899,64,male,34.5,0,no,southwest
12142.5786,9.404473447,60,male,25.74,0,no,southeast
13937.6665,9.542350274,62,male,27.55,1,no,northwest
41919.097,10.64349678,50,male,32.3,1,yes,northeast
8232.6388,9.015861874,46,female,27.72,1,no,southeast
18955.22017,9.849834643,24,female,27.6,0,no,southwest
13352.0998,9.49942894,62,male,30.02,0,no,northwest
13217.0945,9.489266309,60,female,27.55,0,no,northeast
13981.85035,9.545515364,63,male,36.765,0,no,northeast
10977.2063,9.303576247,49,female,41.47,4,no,southeast
6184.2994,8.729769004,34,female,29.26,3,no,southeast
4889.9995,8.49494748,33,male,35.75,2,no,southeast
8334.45755,9.028153712,46,male,33.345,1,no,northeast
5478.0368,8.608502068,36,female,29.92,1,no,southeast
1635.73365,7.399846698,19,male,27.835,0,no,northwest
11830.6072,9.378445283,57,female,23.18,0,no,northwest
8932.084,9.097405017,50,female,25.6,0,no,southwest
3554.203,8.175886126,30,female,27.7,0,no,southwest
12404.8791,9.42584515,33,male,35.245,0,no,northeast
14133.03775,9.556270438,18,female,38.28,0,no,southeast
24603.04837,10.11062563,46,male,27.6,0,no,southwest
8944.1151,9.098751064,46,male,43.89,3,no,southeast
9620.3307,9.171633919,47,male,29.83,3,no,northwest
1837.2819,7.51604253,23,male,41.91,0,no,southeast
1607.5101,7.382441739,18,female,20.79,0,no,southeast
10043.249,9.214655946,48,female,32.3,2,no,northeast
4751.07,8.466125135,35,male,30.5,1,no,southwest
13844.506,9.535643754,19,female,21.7,0,yes,southwest
2597.779,7.862412128,21,female,26.4,1,no,southwest
3180.5101,8.064796872,21,female,21.89,2,no,southeast
9778.3472,9.187925751,49,female,30.78,1,no,northeast
13430.265,9.505266021,56,female,32.3,3,no,northeast
8017.06115,8.989327194,42,female,24.985,2,no,northwest
8116.26885,9.001625826,44,male,32.015,2,no,northwest
3481.868,8.15532421,18,male,30.4,3,no,northeast
13415.0381,9.504131603,61,female,21.09,0,no,northwest
12029.2867,9.395099514,57,female,22.23,0,no,northeast
7639.41745,8.941076629,42,female,33.155,1,no,northeast
36085.219,10.49363861,26,male,32.9,2,yes,southwest
1391.5287,7.238158206,20,male,33.33,0,no,southeast
18033.9679,9.800012364,23,female,28.31,0,yes,northwest
21659.9301,9.983219293,39,female,24.89,3,yes,northeast
38126.2465,10.54865821,24,male,40.15,0,yes,southeast
16455.70785,9.708427678,64,female,30.115,3,no,northwest
27000.98473,10.20362862,62,male,31.46,1,no,southeast
15006.57945,9.616244014,27,female,17.955,2,yes,northeast
42303.69215,10.65262965,55,male,30.685,0,yes,northeast
20781.48892,9.941817914,55,male,33,0,no,southeast
5846.9176,8.673669895,35,female,43.34,2,no,southeast
8302.53565,9.024316247,44,male,22.135,2,no,northeast
1261.859,7.140341309,19,male,34.4,0,no,southwest
11856.4115,9.380624055,58,female,39.05,0,no,southeast
30284.64294,10.31839603,50,male,25.365,2,no,northwest
3176.8159,8.063634685,26,female,22.61,0,no,northwest
4618.0799,8.437734292,24,female,30.21,3,no,northwest
10736.87075,9.281438962,48,male,35.625,4,no,northeast
2138.0707,7.667659159,19,female,37.43,0,no,northwest
8964.06055,9.10097859,48,male,31.445,1,no,northeast
9290.1395,9.136708848,49,male,31.35,1,no,northeast
9411.005,9.149635028,46,female,32.3,2,no,northeast
7526.70645,8.926212835,46,male,19.855,0,no,northwest
8522.003,9.050406686,43,female,34.4,3,no,southwest
16586.49771,9.716344252,21,male,31.02,0,no,southeast
14988.432,9.615033983,64,male,25.6,2,no,southwest
1631.6683,7.397358267,18,female,38.17,0,no,southeast
9264.797,9.133977228,51,female,20.6,0,no,southwest
8083.9198,8.997632158,47,male,47.52,1,no,southeast
14692.66935,9.595103965,64,female,32.965,0,no,northwest
10269.46,9.236929721,49,male,32.3,3,no,northwest
3260.199,8.089543515,31,male,20.4,0,no,southwest
11396.9002,9.341096685,52,female,38.38,2,no,northeast
4185.0979,8.339285376,33,female,24.31,0,no,southeast
8539.671,9.052477761,47,female,23.6,1,no,southwest
6652.5288,8.802752332,38,male,21.12,3,no,southeast
4074.4537,8.312491955,32,male,30.03,1,no,southeast
1621.3402,7.39100837,19,male,17.48,0,no,northwest
19594.80965,9.883019996,44,female,20.235,1,yes,northeast
14455.64405,9.578840209,26,female,17.195,2,yes,northeast
5080.096,8.533085438,25,male,23.9,5,no,southwest
2134.9015,7.666175789,19,female,35.15,0,no,northwest
7345.7266,8.901874008,43,female,35.64,1,no,southeast
9140.951,9.120519707,52,male,34.1,0,no,southeast
18608.262,9.831360955,36,female,22.6,2,yes,southwest
14418.2804,9.576252153,64,male,39.16,1,no,southeast
28950.4692,10.27334169,63,female,26.98,0,yes,northwest
46889.2612,10.75554396,64,male,33.88,0,yes,southeast
46599.1084,10.74933669,61,male,35.86,0,yes,southeast
39125.33225,10.57452542,40,male,32.775,1,yes,northeast
2727.3951,7.911102257,25,male,30.59,0,no,northeast
8968.33,9.101454762,48,male,30.2,2,no,southwest
9788.8659,9.189000886,45,male,24.31,5,no,southeast
6555.07035,8.787994128,38,female,27.265,1,no,northeast
7323.734819,8.898875698,18,female,29.165,0,no,northeast
3167.45585,8.060683974,21,female,16.815,1,no,northeast
18804.7524,9.841864904,27,female,30.4,3,no,northwest
23082.95533,10.04684976,19,male,33.1,0,no,southwest
4906.40965,8.498297721,29,female,20.235,2,no,northwest
5969.723,8.694455807,42,male,26.9,0,no,southwest
12638.195,9.444478857,60,female,30.5,0,no,southwest
4243.59005,8.3531649,31,male,28.595,1,no,northwest
13919.8229,9.541069211,60,male,33.11,3,no,southeast
2254.7967,7.720815093,22,male,31.73,0,no,northeast
5926.846,8.687247479,35,male,28.9,3,no,southwest
12592.5345,9.440859417,52,female,46.75,5,no,southeast
2897.3235,7.971542659,26,male,29.45,0,no,northeast
4738.2682,8.463426989,31,female,32.68,1,no,northwest
37079.372,10.52081608,33,female,33.5,0,yes,southwest
1149.3959,7.046991779,18,male,43.01,0,no,southeast
28287.89766,10.25018935,59,female,36.52,1,no,southeast
26109.32905,10.17004796,56,male,26.695,1,yes,northwest
7345.084,8.901786525,45,female,33.1,0,no,southwest
12730.9996,9.451795212,60,male,29.64,0,no,northeast
11454.0215,9.34609617,56,female,25.65,0,no,northwest
5910.944,8.684560827,40,female,29.6,0,no,southwest
4762.329,8.468492113,35,male,38.6,1,no,southwest
7512.267,8.924292563,39,male,29.6,4,no,southwest
4032.2407,8.302077505,30,male,24.13,1,no,northwest
1969.614,7.585592863,24,male,23.4,0,no,southwest
1769.53165,7.478470186,20,male,29.735,0,no,northwest
4686.3887,8.452417565,32,male,46.53,2,no,southeast
21797.0004,9.989527643,59,male,37.4,0,no,southwest
11881.9696,9.38277737,55,female,30.14,2,no,southeast
11840.77505,9.379304367,57,female,30.495,0,no,northwest
10601.412,9.268742479,56,male,39.6,0,no,southwest
7682.67,8.946722422,40,female,33,3,no,southeast
10381.4787,9.247778603,49,female,36.63,3,no,southeast
22144.032,10.0053233,42,male,30,0,yes,southwest
15230.32405,9.631043723,62,female,38.095,2,no,northeast
11165.41765,9.320576571,56,male,25.935,0,no,northeast
1632.03625,7.397583747,19,male,25.175,0,no,northwest
19521.9682,9.879295685,30,female,28.38,1,yes,southeast
13224.693,9.489841043,60,female,28.7,1,no,southwest
12643.3778,9.444888863,56,female,33.82,2,no,northwest
23288.9284,10.05573335,28,female,24.32,1,no,northeast
2201.0971,7.696711197,18,female,24.09,1,no,southeast
2497.0383,7.822860629,27,male,32.67,0,no,southeast
2203.47185,7.697789509,18,female,30.115,0,no,northeast
1744.465,7.464203197,19,female,29.8,0,no,southwest
20878.78443,9.946488823,47,female,33.345,0,no,northeast
25382.297,10.14180724,54,male,25.1,3,yes,southwest
28868.6639,10.27051199,61,male,28.31,1,yes,northwest
35147.52848,10.46730958,24,male,28.5,0,yes,northeast
2534.39375,7.837709736,25,male,35.625,0,no,northwest
1534.3045,7.335832463,21,male,36.85,0,no,southeast
1824.2854,7.508943628,23,male,32.56,0,no,southeast
15555.18875,9.652149544,63,male,41.325,3,no,northwest
9304.7019,9.138275132,49,male,37.51,2,no,southeast
1622.1885,7.391531442,18,female,31.35,0,no,southeast
9880.068,9.198274673,51,female,39.5,1,no,southwest
9563.029,9.165659797,48,male,34.3,3,no,southwest
4347.02335,8.377246602,31,female,31.065,0,no,northeast
12475.3513,9.431510081,54,female,21.47,3,no,northwest
1253.936,7.134042683,19,male,28.7,0,no,southwest
48885.13561,10.79722865,44,female,38.06,0,yes,southeast
10461.9794,9.255502955,53,male,31.16,1,no,northwest
1748.774,7.46667025,19,female,32.9,0,no,southwest
24513.09126,10.10696259,61,female,25.08,0,no,southeast
2196.4732,7.694608262,18,female,25.08,0,no,northeast
12574.049,9.439390366,61,male,43.4,0,no,southwest
17942.106,9.79490552,21,male,25.7,4,yes,southwest
1967.0227,7.584276359,20,male,27.93,0,no,northeast
4931.647,8.503428288,31,female,23.6,2,no,southwest
8027.968,8.990686724,45,male,28.7,2,no,southwest
8211.1002,9.013242201,44,female,23.98,2,no,southeast
13470.86,9.508284113,62,female,39.2,0,no,southwest
36197.699,10.49675083,29,male,34.4,0,yes,southwest
6837.3687,8.830158244,43,male,26.03,0,no,northeast
22218.1149,10.00866322,51,male,23.21,1,yes,southeast
32548.3405,10.39048166,19,male,30.25,0,yes,southeast
5974.3847,8.695236392,38,female,28.93,1,no,southeast
6796.86325,8.824216498,37,male,30.875,3,no,northwest
2643.2685,7.879771499,22,male,31.35,1,no,northwest
3077.0955,8.031741412,21,male,23.75,2,no,northwest
3044.2133,8.020997789,24,female,25.27,0,no,northeast
11455.28,9.346206038,57,female,28.7,0,no,southwest
11763.0009,9.372714367,56,male,32.11,1,no,northeast
2498.4144,7.82341157,27,male,33.66,0,no,southeast
9361.3268,9.144342312,51,male,22.42,0,no,northeast
1256.299,7.135925376,19,male,30.4,0,no,southwest
21082.16,9.956182464,39,male,28.3,1,yes,southwest
11362.755,9.33809618,58,male,35.7,0,no,southwest
27724.28875,10.23006416,20,male,35.31,1,no,southeast
8413.46305,9.037588446,45,male,30.495,2,no,northwest
5240.765,8.564222759,35,female,31,1,no,southwest
3857.75925,8.257841789,31,male,30.875,0,no,northeast
25656.57526,10.15255516,50,female,27.36,0,no,northeast
3994.1778,8.29259303,32,female,44.22,0,no,southeast
9866.30485,9.19688068,51,female,33.915,0,no,northeast
5397.6167,8.593712783,38,female,37.73,0,no,southeast
38245.59327,10.55178362,42,male,26.07,1,yes,southeast
11482.63485,9.34859116,18,female,33.88,0,no,southeast
24059.68019,10.0882927,19,female,30.59,2,no,northwest
9861.025,9.196345398,51,female,25.8,1,no,southwest
8342.90875,9.029167206,46,male,39.425,1,no,northeast
1708.0014,7.443079194,18,male,25.46,0,no,northeast
48675.5177,10.79293147,57,male,42.13,1,yes,southeast
14043.4767,9.549913275,62,female,31.73,0,no,northeast
12925.886,9.466987246,59,male,29.7,2,no,southeast
19214.70553,9.863431178,37,male,36.19,0,no,southeast
13831.1152,9.534676058,64,male,40.48,0,no,southeast
6067.12675,8.710640419,38,male,28.025,1,no,northeast
5972.378,8.694900452,33,female,38.9,3,no,southwest
8825.086,9.085353627,46,female,30.2,2,no,southwest
8233.0975,9.01591759,46,female,28.05,1,no,southeast
27346.04207,10.21632708,53,male,31.35,0,no,southeast
6196.448,8.731731504,34,female,38,3,no,southwest
3056.3881,8.024989138,20,female,31.79,2,no,southeast
13887.204,9.53872312,63,female,36.3,0,no,southeast
63770.42801,11.06304485,54,female,47.41,0,yes,southeast
10231.4999,9.233226466,54,male,30.21,0,no,northwest
23807.2406,10.07774504,49,male,25.84,2,yes,northwest
3268.84665,8.092192495,28,male,35.435,0,no,northeast
11538.421,9.353437702,54,female,46.7,2,no,southwest
3213.62205,8.075153944,25,female,28.595,0,no,northeast
45863.205,10.73341844,43,female,46.2,0,yes,southeast
13390.559,9.502305185,63,male,30.8,0,no,southwest
3972.9247,8.287257803,32,female,28.93,0,no,southeast
12957.118,9.469400569,62,male,21.4,0,no,southwest
11187.6567,9.322566369,52,female,31.73,2,no,northwest
17878.90068,9.791376564,25,female,41.325,0,no,northeast
3847.674,8.255224089,28,male,23.8,2,no,southwest
8334.5896,9.028169556,46,male,33.44,1,no,northeast
3935.1799,8.277711878,34,male,34.21,0,no,southeast
39983.42595,10.5962203,35,female,34.105,3,yes,northwest
1646.4297,7.406364404,19,male,35.53,0,no,northwest
9193.8385,9.12628881,46,female,19.95,2,no,northwest
10923.9332,9.298711368,54,female,32.68,0,no,northeast
2494.022,7.821651947,27,male,30.5,0,no,southwest
9058.7303,9.111484246,50,male,44.77,1,no,southeast
2801.2588,7.937824167,18,female,32.12,2,no,southeast
2128.43105,7.663140391,19,female,30.495,0,no,northwest
6373.55735,8.759913046,38,female,40.565,1,no,northwest
7256.7231,8.889683642,41,male,30.59,2,no,northwest
11552.904,9.354692113,49,female,31.9,5,no,southwest
45702.02235,10.72989783,48,male,40.565,2,yes,northwest
3761.292,8.232517794,31,female,29.1,0,no,southwest
2219.4451,7.705012489,18,female,37.29,1,no,southeast
4753.6368,8.466665246,30,female,43.12,2,no,southeast
31620.00106,10.36154514,62,female,36.86,1,no,northeast
13224.05705,9.489792954,57,female,34.295,2,no,northeast
12222.8983,9.411066381,58,female,27.17,0,no,northwest
1664.9996,7.417580162,22,male,26.84,0,no,southeast
58571.07448,10.97799624,31,female,38.095,1,yes,northeast
9724.53,9.182406838,52,male,30.2,1,no,southwest
3206.49135,8.072932581,25,female,23.465,0,no,northeast
12913.9924,9.466066685,59,male,25.46,1,no,northeast
1639.5631,7.402185083,19,male,30.59,0,no,northwest
6356.2707,8.757197116,39,male,45.43,2,no,southeast
17626.23951,9.777143952,32,female,23.65,1,no,southeast
1242.816,7.125135052,19,male,20.7,0,no,southwest
4779.6023,8.472112621,33,female,28.27,1,no,southeast
3861.20965,8.258735794,21,male,20.235,3,no,northeast
43943.8761,10.69066856,34,female,30.21,1,yes,northwest
13635.6379,9.520442078,61,female,35.91,0,no,northeast
5976.8311,8.69564579,38,female,30.69,1,no,southeast
11842.442,9.379445137,58,female,29,0,no,southwest
8428.0693,9.039322997,47,male,19.57,1,no,northwest
2566.4707,7.850286966,20,male,31.13,2,no,southeast
15359.1045,9.639463704,21,female,21.85,1,yes,northeast
5709.1644,8.649827952,41,male,40.26,0,no,southeast
8823.98575,9.085228946,46,female,33.725,1,no,northeast
7640.3092,8.941193353,42,female,29.48,2,no,southeast
5594.8455,8.629601006,34,female,33.25,1,no,northeast
7441.501,8.914827855,43,male,32.6,2,no,southwest
33471.97189,10.41846371,52,female,37.525,2,no,northwest
1633.0444,7.398201282,18,female,39.16,0,no,southeast
9174.13565,9.124143461,51,male,31.635,0,no,northwest
11070.535,9.312042353,56,female,25.3,0,no,southwest
16085.1275,9.685650366,64,female,39.05,3,no,southeast
17468.9839,9.768182239,19,female,28.31,0,yes,northwest
9283.562,9.136000588,51,female,34.1,0,no,southeast
3558.62025,8.177128178,27,female,25.175,0,no,northeast
25678.77845,10.15342019,59,female,23.655,0,yes,northwest
4435.0942,8.397304135,28,male,26.98,2,no,northeast
39241.442,10.57748866,30,male,37.8,2,yes,southwest
8547.6913,9.053416502,47,female,29.37,1,no,southeast
6571.544,8.790504091,38,female,34.8,2,no,southwest
2207.69745,7.699705374,18,female,33.155,0,no,northeast
6753.038,8.817747757,34,female,19,3,no,northeast
1880.07,7.539064289,20,female,33,0,no,southeast
42969.8527,10.66825405,47,female,36.63,1,yes,southeast
11658.11505,9.363757787,56,female,28.595,0,no,northeast
23306.547,10.05648959,49,male,25.6,2,yes,southwest
34439.8559,10.44696977,19,female,33.11,0,yes,southeast
10713.644,9.279273348,55,female,37.1,0,no,southwest
3659.346,8.205039722,30,male,31.4,1,no,southwest
40182.246,10.60118054,37,male,34.1,4,yes,southwest
9182.17,9.125018839,49,female,21.3,1,no,southwest
34617.84065,10.45212445,18,male,33.535,0,yes,northeast
12129.61415,9.403405192,59,male,28.785,0,no,northwest
3736.4647,8.225895176,29,female,26.03,0,no,northwest
6748.5912,8.817089051,36,male,28.88,3,no,northeast
11326.71487,9.334919362,33,male,42.46,1,no,southeast
11365.952,9.338377499,58,male,38,0,no,southwest
42983.4585,10.66857063,44,female,38.95,0,yes,northwest
10085.846,9.218888334,53,male,36.1,1,no,southwest
1977.815,7.589747979,24,male,29.3,0,no,southwest
3366.6697,8.121679315,29,female,35.53,0,no,southeast
7173.35995,8.878129436,40,male,22.705,2,no,northeast
9391.346,9.147543906,51,male,39.7,1,no,southwest
14410.9321,9.575742371,64,male,38.19,0,no,northeast
2709.1119,7.904376148,19,female,24.51,1,no,northwest
24915.04626,10.12322717,35,female,38.095,2,no,northeast
20149.3229,9.910925964,39,male,26.41,0,yes,northeast
12949.1554,9.468785845,56,male,33.66,4,no,southeast
6666.243,8.804811712,33,male,42.4,5,no,southwest
32787.45859,10.39780136,42,male,28.31,3,yes,northwest
13143.86485,9.483710377,61,male,33.915,0,no,northeast
4466.6214,8.404387563,23,female,34.96,3,no,northwest
18806.14547,9.841938982,43,male,35.31,2,no,southeast
10141.1362,9.224355322,48,male,30.78,3,no,northeast
6123.5688,8.719900343,39,male,26.22,1,no,northwest
8252.2843,9.018245326,40,female,23.37,3,no,northeast
1712.227,7.445550141,18,male,28.5,0,no,northeast
12430.95335,9.427944879,58,female,32.965,0,no,northeast
9800.8882,9.190228293,49,female,42.68,2,no,southeast
10579.711,9.266693389,53,female,39.6,1,no,southeast
8280.6227,9.02167345,48,female,31.13,0,no,southeast
8527.532,9.051055267,45,female,36.3,2,no,southeast
12244.531,9.412834667,59,female,35.2,0,no,southeast
24667.419,10.11323858,52,female,25.3,2,yes,southeast
3410.324,8.13456258,26,female,42.4,1,no,southwest
4058.71245,8.308621072,27,male,33.155,2,no,northwest
26392.26029,10.18082608,48,female,35.91,1,no,northeast
14394.39815,9.574594393,57,female,28.785,4,no,northeast
6435.6237,8.769604038,37,male,46.53,3,no,southeast
22192.43711,10.00750684,57,female,23.98,1,no,southeast
5148.5526,8.546470906,32,female,31.54,1,no,northeast
1136.3994,7.035620122,18,male,33.66,0,no,southeast
27037.9141,10.20499539,64,female,22.99,0,yes,southeast
42560.4304,10.65868024,43,male,38.06,2,yes,southeast
8703.456,9.071475467,49,male,28.7,1,no,southwest
40003.33225,10.59671804,40,female,32.775,2,yes,northwest
45710.20785,10.73007692,62,male,32.015,0,yes,northeast
6500.2359,8.779593748,40,female,29.81,1,no,southeast
4837.5823,8.48417035,30,male,31.57,3,no,southeast
3943.5954,8.279848124,29,female,31.16,0,no,northeast
4399.731,8.389298682,36,male,29.7,0,no,southeast
6185.3208,8.729934151,41,female,31.02,0,no,southeast
46200.9851,10.7407564,44,female,43.89,2,yes,southeast
7222.78625,8.884996065,45,male,21.375,0,no,northwest
12485.8009,9.43234735,55,female,40.81,3,no,southeast
46130.5265,10.73923019,60,male,31.35,3,yes,northwest
12363.547,9.422507664,56,male,36.1,3,no,southwest
10156.7832,9.225897057,49,female,23.18,2,no,northwest
2585.269,7.857584843,21,female,17.4,1,no,southwest
1242.26,7.12468758,19,male,20.3,0,no,southwest
40103.89,10.59922862,39,male,35.3,2,yes,southwest
9863.4718,9.196593495,53,male,24.32,0,no,northwest
4766.022,8.469267274,33,female,18.5,1,no,southwest
11244.3769,9.327623452,53,male,26.41,2,no,northeast
7729.64575,8.952818313,42,male,26.125,2,no,northeast
5438.7491,8.601304369,40,male,41.69,0,no,southeast
26236.57997,10.1749099,47,female,24.1,1,no,southwest
34806.4677,10.4575585,27,male,31.13,1,yes,southeast
2104.1134,7.65164947,21,male,27.36,0,no,northeast
8068.185,8.995683829,47,male,36.2,1,no,southwest
2362.22905,7.767360965,20,male,32.395,1,no,northwest
2352.96845,7.76343298,24,male,23.655,0,no,northwest
3577.999,8.182558985,27,female,34.8,1,no,southwest
3201.24515,8.071295122,26,female,40.185,0,no,northwest
29186.48236,10.28146095,53,female,32.3,2,no,northeast
40273.6455,10.60345258,41,male,35.75,1,yes,southeast
10976.24575,9.303488739,56,male,33.725,0,no,northwest
3500.6123,8.160693175,23,female,39.27,2,no,southeast
2020.5523,7.611126169,21,female,34.87,0,no,southeast
9541.69555,9.163426479,50,female,44.745,0,no,northeast
9504.3103,9.15950069,53,male,41.47,0,no,southeast
5385.3379,8.591435336,34,female,26.41,1,no,northwest
8930.93455,9.097276321,47,female,29.545,1,no,northwest
5375.038,8.589520923,33,female,32.9,2,no,southwest
44400.4064,10.7010039,51,female,38.06,0,yes,southeast
10264.4421,9.236440978,49,male,28.69,3,no,northwest
6113.23105,8.718210726,31,female,30.495,3,no,northeast
5469.0066,8.60685227,36,female,27.74,0,no,northeast
1727.54,7.45445371,18,male,35.2,1,no,southeast
10107.2206,9.221005358,50,female,23.54,2,no,southeast
8310.83915,9.025315863,43,female,30.685,2,no,northwest
1984.4533,7.59309874,20,male,40.47,0,no,northeast
2457.502,7.806900666,24,female,22.6,0,no,southwest
12146.971,9.404835117,60,male,28.9,0,no,southwest
9566.9909,9.166074004,49,female,22.61,1,no,northwest
13112.6048,9.481329245,60,male,24.32,1,no,northwest
10848.1343,9.29174839,51,female,36.67,2,no,northwest
12231.6136,9.411779158,58,female,33.44,0,no,northwest
9875.6804,9.197830489,51,female,40.66,0,no,northeast
11264.541,9.329415106,53,male,36.6,3,no,southwest
12979.358,9.471115528,62,male,37.4,0,no,southwest
1263.249,7.141442253,19,male,35.4,0,no,southwest
10106.13425,9.22089787,50,female,27.075,1,no,northeast
40932.4295,10.61967793,30,female,39.05,3,yes,southeast
6664.68595,8.804578112,41,male,28.405,1,no,northwest
16657.71745,9.720628899,29,female,21.755,1,yes,northeast
2217.6012,7.70418135,18,female,40.28,0,no,northeast
6781.3542,8.821932096,41,female,36.08,1,no,southeast
19361.9988,9.871067599,35,male,24.42,3,yes,southeast
10065.413,9.216860371,53,male,21.4,1,no,southwest
4234.927,8.35112137,24,female,30.1,3,no,southwest
9447.25035,9.15347901,48,female,27.265,1,no,northeast
14007.222,9.547328333,59,female,32.1,3,no,southwest
9583.8933,9.167839187,49,female,34.77,1,no,northwest
40419.0191,10.60705572,37,female,38.39,0,yes,southeast
3484.331,8.156031339,26,male,23.7,2,no,southwest
36189.1017,10.49651329,23,male,31.73,3,yes,northeast
44585.45587,10.70516298,29,male,35.5,2,yes,southwest
8604.48365,9.060038701,45,male,24.035,2,no,northeast
18246.4955,9.811728313,27,male,29.15,0,yes,southeast
43254.41795,10.67485466,53,male,34.105,0,yes,northeast
3757.8448,8.231600881,31,female,26.62,0,no,southeast
8827.2099,9.085594264,50,male,26.41,0,no,northwest
9910.35985,9.201335938,50,female,30.115,1,no,northwest
11737.84884,9.370573843,34,male,27,2,no,southwest
1627.28245,7.394666694,19,male,21.755,0,no,northwest
8556.907,9.054494072,47,female,36,1,no,southwest
3062.50825,8.026989549,28,male,30.875,0,no,northwest
19539.243,9.880180184,37,female,26.4,0,yes,southeast
1906.35825,7.552950026,21,male,28.975,0,no,northwest
14210.53595,9.561738937,64,male,37.905,0,no,northwest
11833.7823,9.378713627,58,female,22.77,0,no,southeast
17128.42608,9.748494706,24,male,33.63,4,no,northeast
5031.26955,8.523427627,31,male,27.645,2,no,northeast
7985.815,8.985422122,39,female,22.8,3,no,northeast
23065.4207,10.04608984,47,female,27.83,0,yes,southeast
5428.7277,8.599460076,30,male,37.43,3,no,northeast
36307.7983,10.49978783,18,male,38.17,0,yes,southeast
3925.7582,8.275314784,22,female,34.58,2,no,northeast
2416.955,7.790263762,23,male,35.2,1,no,southwest
19040.876,9.854343316,33,male,27.1,1,yes,southwest
3070.8087,8.029696226,27,male,26.03,0,no,northeast
9095.06825,9.115487595,45,female,25.175,2,no,northeast
11842.62375,9.379460484,57,female,31.825,0,no,northwest
8062.764,8.995011705,47,male,32.3,1,no,southwest
7050.642,8.860873955,42,female,29,1,no,southwest
14319.031,9.569344771,64,female,39.7,0,no,southwest
6933.24225,8.84408284,38,female,19.475,2,no,northwest
27941.28758,10.23786072,61,male,36.1,3,no,southwest
11150.78,9.31926473,53,female,26.7,2,no,southwest
12797.20962,9.456982428,44,female,36.48,0,no,northeast
17748.5062,9.784056634,19,female,28.88,0,yes,northwest
7261.741,8.890374886,41,male,34.2,2,no,northwest
10560.4917,9.264875119,51,male,33.33,3,no,southeast
6986.697,8.851763191,40,male,32.3,2,no,northwest
7448.40395,8.915755054,45,male,39.805,0,no,northeast
5934.3798,8.688517803,35,male,34.32,3,no,southeast
9869.8102,9.197235902,53,male,28.88,0,no,northwest
18259.216,9.812425218,30,male,24.4,3,yes,southwest
1146.7966,7.044727769,18,male,41.14,0,no,southeast
9386.1613,9.146991681,51,male,35.97,1,no,southeast
24520.264,10.10725516,50,female,27.6,1,yes,southwest
4350.5144,8.37804937,31,female,29.26,1,no,southeast
6414.178,8.766266132,35,female,27.7,3,no,southwest
12741.16745,9.452593562,60,male,36.955,0,no,northeast
1917.3184,7.558682822,21,male,36.86,0,no,northwest
5209.57885,8.558254297,29,male,22.515,3,no,northeast
13457.9608,9.507326091,62,female,29.92,0,no,southeast
5662.225,8.641572203,39,female,41.8,0,no,southeast
1252.407,7.132822579,19,male,27.6,0,no,southwest
2731.9122,7.912757083,22,female,23.18,0,no,northeast
21195.818,9.961559177,53,male,20.9,0,yes,southeast
7209.4918,8.883153742,39,female,31.92,2,no,northwest
18310.742,9.815243161,27,male,28.5,0,yes,northwest
4266.1658,8.358470764,30,male,44.22,2,no,southeast
4719.52405,8.459463237,30,female,22.895,1,no,northeast
11848.141,9.379926257,58,female,33.1,0,no,southwest
17904.52705,9.792808868,33,male,24.795,0,yes,northeast
7046.7222,8.860317852,42,female,26.18,1,no,southeast
14313.8463,9.568982621,64,female,35.97,0,no,southeast
2103.08,7.651158216,21,male,22.3,1,no,southwest
38792.6856,10.56598699,18,female,42.24,0,yes,southeast
1815.8759,7.50432322,23,male,26.51,0,no,southeast
7731.85785,8.953104456,45,female,35.815,0,no,northwest
28476.73499,10.25684272,40,female,41.42,1,no,northwest
2136.88225,7.667103153,19,female,36.575,0,no,northwest
1131.5066,7.031305298,18,male,30.14,0,no,southeast
3309.7926,8.104640808,25,male,25.84,1,no,northeast
9414.92,9.150050944,46,female,30.8,3,no,southwest
6360.9936,8.757939871,33,female,42.94,3,no,northwest
11013.7119,9.306896312,54,male,21.01,2,no,southeast
4428.88785,8.395903782,28,male,22.515,2,no,northeast
5584.3057,8.627715389,36,male,34.43,2,no,southeast
1877.9294,7.537925066,20,female,31.46,0,no,southeast
2842.76075,7.952530954,24,female,24.225,0,no,northwest
3597.596,8.188021124,23,male,37.1,3,no,southwest
23401.30575,10.0605471,47,female,26.125,1,yes,northeast
55135.40209,10.91754729,33,female,35.53,0,yes,northwest
7445.918,8.915421242,45,male,33.7,1,no,southwest
2680.9493,7.893926227,26,male,17.67,0,no,northwest
1621.8827,7.391342914,18,female,31.13,0,no,southeast
8219.2039,9.014228634,44,female,29.81,2,no,southeast
12523.6048,9.435370527,60,male,24.32,0,no,northwest
16069.08475,9.684652503,64,female,31.825,2,no,northeast
43813.8661,10.68770562,56,male,31.79,2,yes,southeast
20773.62775,9.941439565,36,male,28.025,1,yes,northeast
39597.4072,10.58651892,41,male,30.78,3,yes,northeast
6117.4945,8.718907896,39,male,21.85,1,no,northwest
13393.756,9.502543907,63,male,33.1,0,no,southwest
5266.3656,8.569095764,36,female,25.84,0,no,northwest
4719.73655,8.459508261,28,female,23.845,2,no,northwest
11743.9341,9.371092139,58,male,34.39,0,no,northwest
5377.4578,8.589971014,36,male,33.82,1,no,northwest
7160.3303,8.87631139,42,male,35.97,2,no,southeast
4402.233,8.389867191,36,male,31.5,0,no,southwest
11657.7189,9.363723806,56,female,28.31,0,no,northeast
6402.29135,8.764411229,35,female,23.465,2,no,northeast
12622.1795,9.443210823,59,female,31.35,0,no,northwest
1526.312,7.330609647,21,male,31.1,0,no,southwest
12323.936,9.419298667,59,male,24.7,0,no,northeast
36021.0112,10.49185769,23,female,32.78,2,yes,southeast
27533.9129,10.22317372,57,female,29.81,0,yes,southeast
10072.05505,9.217520041,53,male,30.495,0,no,northeast
45008.9555,10.71461676,60,female,32.45,0,yes,southeast
9872.701,9.197528753,51,female,34.2,1,no,southwest
2438.0552,7.798955951,23,male,50.38,1,no,southeast
2974.126,7.997705493,27,female,24.1,0,no,southwest
10601.63225,9.268763254,55,male,32.775,0,no,northwest
37270.1512,10.52594805,37,female,30.78,0,yes,northeast
14119.62,9.555320599,61,male,32.3,2,no,northwest
42111.6647,10.64808005,46,female,35.53,0,yes,northeast
11729.6795,9.369877618,53,female,23.75,2,no,northeast
24106.91255,10.09025391,49,female,23.845,3,yes,northeast
1875.344,7.536547388,20,female,29.6,0,no,southwest
40974.1649,10.62069702,48,female,33.11,0,yes,southeast
15817.9857,9.668902907,25,male,24.13,0,yes,northwest
18218.16139,9.810174254,25,female,32.23,1,no,southeast
10965.446,9.302504335,57,male,28.1,0,no,southwest
46113.511,10.73886127,37,female,47.6,2,yes,southwest
7151.092,8.875020351,38,female,28,3,no,southwest
12269.68865,9.414887162,55,female,33.535,2,no,northwest
5458.04645,8.604846212,36,female,19.855,0,no,northeast
8782.469,9.080512854,51,male,25.4,0,no,southwest
6600.361,8.794879623,40,male,29.9,2,no,southwest
1141.4451,7.04005037,18,male,37.29,0,no,southeast
11576.13,9.356700498,57,male,43.7,1,no,southwest
13129.60345,9.482624765,61,male,23.655,0,no,northeast
4391.652,8.387460745,25,female,24.3,3,no,southwest
8457.818,9.0428465,50,male,36.2,0,no,southwest
3392.3652,8.129282656,26,female,29.48,1,no,southeast
5966.8874,8.693980697,42,male,24.86,0,no,southeast
6849.026,8.831861731,43,male,30.1,1,no,southwest
8891.1395,9.092810498,44,male,21.85,3,no,northeast
2690.1138,7.897338777,23,female,28.12,0,no,northwest
26140.3603,10.17123577,49,female,27.1,1,no,southwest
6653.7886,8.802941686,33,male,33.44,5,no,southeast
6282.235,8.745481088,41,male,28.8,1,no,southwest
6311.952,8.750200258,37,female,29.5,2,no,southwest
3443.064,8.144117052,22,male,34.8,3,no,southwest
2789.0574,7.933458968,23,male,27.36,1,no,northwest
2585.85065,7.857809804,21,female,22.135,0,no,northeast
46255.1125,10.74192728,51,female,37.05,3,yes,northeast
4877.98105,8.492486694,25,male,26.695,4,no,northwest
19719.6947,9.889373146,32,male,28.93,1,yes,southeast
27218.43725,10.21164986,57,male,28.975,0,yes,northeast
5272.1758,8.570198422,36,female,30.02,0,no,northwest
1682.597,7.428093712,22,male,39.5,0,no,southwest
11945.1327,9.388079169,57,male,33.63,1,no,northwest
29330.98315,10.28639968,64,female,26.885,0,yes,northwest
7243.8136,8.887903087,36,female,29.04,4,no,southeast
10422.91665,9.251762185,54,male,24.035,0,no,northeast
44202.6536,10.6965401,47,male,38.94,2,yes,southeast
13555.0049,9.514511123,62,male,32.11,0,no,northeast
13063.883,9.477606679,61,female,44,0,no,southwest
19798.05455,9.893338957,43,female,20.045,2,yes,northeast
2221.56445,7.705966934,19,male,25.555,1,no,northwest
1634.5734,7.399137132,18,female,40.26,0,no,southeast
2117.33885,7.65791532,19,female,22.515,0,no,northwest
8688.85885,9.069796892,49,male,22.515,0,no,northeast
48673.5588,10.79289122,60,male,40.92,0,yes,southeast
4661.28635,8.44704673,26,male,27.265,3,no,northeast
8125.7845,9.002797556,49,male,36.85,0,no,southeast
12644.589,9.444984656,60,female,35.1,0,no,southwest
4564.19145,8.425996658,26,female,29.355,2,no,northeast
4846.92015,8.486098762,27,male,32.585,3,no,northeast
7633.7206,8.940330633,44,female,32.34,1,no,southeast
15170.069,9.627079621,63,male,39.8,3,no,southwest
17496.306,9.769745052,32,female,24.6,0,yes,southwest
2639.0429,7.878171593,22,male,28.31,1,no,northwest
33732.6867,10.42622258,18,male,31.73,0,yes,northeast
14382.70905,9.573782004,59,female,26.695,3,no,northwest
7626.993,8.939448944,44,female,27.5,1,no,southwest
5257.50795,8.56741242,33,male,24.605,2,no,northwest
2473.3341,7.813322357,24,female,33.99,0,no,southeast
21774.32215,9.988486672,43,female,26.885,0,yes,northwest
35069.37452,10.46508351,45,male,22.895,0,yes,northeast
13041.921,9.475924141,61,female,28.2,0,no,southwest
5245.2269,8.56507378,35,female,34.21,1,no,southeast
13451.122,9.506817802,62,female,25,0,no,southwest
13462.52,9.507664807,62,female,33.2,0,no,southwest
5488.262,8.610366909,38,male,31,1,no,southwest
4320.41085,8.371105781,34,male,35.815,0,no,northwest
6250.435,8.74040634,43,male,23.2,0,no,southwest
25333.33284,10.13987631,50,male,32.11,2,no,northeast
2913.569,7.977134069,19,female,23.4,2,no,southwest
12032.326,9.39535214,57,female,20.1,1,no,southwest
13470.8044,9.508279986,62,female,39.16,0,no,southeast
6289.7549,8.746677382,41,male,34.21,1,no,southeast
2927.0647,7.981755391,26,male,46.53,1,no,southeast
6238.298,8.738462668,39,female,32.5,1,no,southwest
10096.97,9.219990658,46,male,25.8,5,no,southwest
7348.142,8.902202771,45,female,35.3,0,no,southwest
4673.3922,8.449640468,32,male,37.18,2,no,southeast
12233.828,9.411960181,59,female,27.5,0,no,southwest
32108.66282,10.37688114,44,male,29.735,2,no,northeast
8965.79575,9.101172144,39,female,24.225,5,no,northwest
2304.0022,7.742402977,18,male,26.18,2,no,southeast
9487.6442,9.157745621,53,male,29.48,0,no,southeast
1121.8739,7.022755691,18,male,23.21,0,no,southeast
9549.5651,9.164250893,50,female,46.09,1,no,southeast
2217.46915,7.704121802,18,female,40.185,0,no,northeast
1628.4709,7.395396755,19,male,22.61,0,no,northwest
12982.8747,9.471386437,62,male,39.93,0,no,southeast
11674.13,9.365130562,56,female,35.8,1,no,southwest
7160.094,8.876278388,42,male,35.8,2,no,southwest
39047.285,10.57252863,37,male,34.2,1,yes,northeast
6358.77645,8.757591256,42,male,31.255,0,no,northwest
19933.458,9.900154905,25,male,29.7,3,yes,southwest
11534.87265,9.35313013,57,male,18.335,0,no,northeast
47462.894,10.76770351,51,male,42.9,2,yes,southeast
4527.18295,8.41785516,30,female,28.405,1,no,northwest
38998.546,10.57127964,44,male,30.2,2,yes,southwest
20009.63365,9.903969119,34,male,27.835,1,yes,northwest
3875.7341,8.262490369,31,male,39.49,1,no,southeast
41999.52,10.64541347,54,male,30.8,1,yes,southeast
12609.88702,9.442236469,24,male,26.79,1,no,northwest
41034.2214,10.62216167,43,male,34.96,1,yes,northeast
28468.91901,10.25656821,48,male,36.67,1,no,northwest
2730.10785,7.912096393,19,female,39.615,1,no,northwest
3353.284,8.117695443,29,female,25.9,0,no,southwest
14474.675,9.58015585,63,female,35.2,1,no,southeast
9500.57305,9.159107397,46,male,24.795,3,no,northeast
26467.09737,10.18365763,52,male,36.765,2,no,northwest
4746.344,8.465129916,35,male,27.1,1,no,southwest
23967.38305,10.08444915,51,male,24.795,2,yes,northwest
7518.02535,8.925058796,44,male,25.365,1,no,northwest
3279.86855,8.095558624,21,male,25.745,2,no,northeast
8596.8278,9.059148554,39,female,34.32,5,no,southeast
10702.6424,9.278245943,50,female,28.16,3,no,southeast
4992.3764,8.515667308,34,female,23.56,0,no,northeast
2527.81865,7.835112016,22,female,20.235,0,no,northwest
1759.338,7.472692881,19,female,40.5,0,no,southwest
2322.6218,7.750451913,26,male,35.42,0,no,southeast
16138.76205,9.688979238,29,male,22.895,0,yes,northeast
7804.1605,8.962412268,48,male,40.15,0,no,southeast
2902.9065,7.973467755,26,male,29.15,1,no,southeast
9704.66805,9.180362291,45,female,39.995,3,no,northeast
4889.0368,8.49475059,36,female,29.92,0,no,southeast
25517.11363,10.14710463,54,male,25.46,1,no,northeast
4500.33925,8.411908062,34,male,21.375,0,no,northeast
19199.944,9.862662641,31,male,25.9,3,yes,southwest
16796.41194,9.728920568,27,female,30.59,1,no,northeast
4915.05985,8.50005921,20,male,30.115,5,no,northeast
7624.63,8.939139076,44,female,25.8,1,no,southwest
8410.04685,9.037182324,43,male,30.115,3,no,northwest
28340.18885,10.25203618,45,female,27.645,1,no,northwest
4518.82625,8.41600756,34,male,34.675,0,no,northeast
14571.8908,9.586849664,24,female,20.52,0,yes,northeast
3378.91,8.125308451,26,female,19.8,1,no,southwest
7144.86265,8.874148867,38,female,27.835,2,no,northeast
10118.424,9.222113199,50,female,31.6,2,no,southwest
5484.4673,8.609675249,38,male,28.27,1,no,southeast
16420.49455,9.706285501,27,female,20.045,3,yes,northwest
7986.47525,8.985504796,39,female,23.275,3,no,northeast
7418.522,8.911735125,39,female,34.1,3,no,southwest
13887.9685,9.538778169,63,female,36.85,0,no,southeast
6551.7501,8.787487484,33,female,36.29,3,no,northeast
5267.81815,8.569371543,36,female,26.885,0,no,northwest
17361.7661,9.762025717,30,male,22.99,2,yes,northwest
34472.841,10.44792708,24,male,32.7,0,yes,southwest
1972.95,7.587285164,24,male,25.8,0,no,southwest
21232.18226,9.963273341,48,male,29.6,0,no,southwest
8627.5411,9.062714819,47,male,19.19,1,no,northeast
4433.3877,8.396919289,29,male,31.73,2,no,northwest
4438.2634,8.398018453,28,male,29.26,2,no,northeast
24915.22085,10.12323417,47,male,28.215,3,yes,northwest
23241.47453,10.05369366,25,male,24.985,2,no,northeast
9957.7216,9.206103569,51,male,27.74,1,no,northeast
8269.044,9.020274183,48,female,22.8,0,no,southwest
18767.7377,9.839894595,43,male,20.13,2,yes,southeast
36580.28216,10.50726464,61,female,33.33,4,no,southeast
8765.249,9.078550205,48,male,32.3,1,no,northwest
5383.536,8.591100686,38,female,27.6,0,no,southwest
12124.9924,9.403024089,59,male,25.46,0,no,northwest
2709.24395,7.90442489,19,female,24.605,1,no,northwest
3987.926,8.291026575,26,female,34.2,2,no,southwest
12495.29085,9.43310712,54,female,35.815,3,no,northwest
26018.95052,10.16658042,21,female,32.68,2,no,northwest
8798.593,9.082347101,51,male,37,0,no,southwest
35595.5898,10.47997703,22,female,31.02,3,yes,southeast
42211.1382,10.6504394,47,male,36.08,1,yes,southeast
1711.0268,7.444848937,18,male,23.32,1,no,southeast
8569.8618,9.056006885,47,female,45.32,1,no,southeast
2020.177,7.61094041,21,female,34.6,0,no,southwest
16450.8947,9.708135144,19,male,26.03,1,yes,northwest
21595.38229,9.980234788,23,male,18.715,0,no,northwest
9850.432,9.195270591,54,male,31.6,0,no,southwest
6877.9801,8.836080298,37,female,17.29,2,no,northeast
21677.28345,9.984020146,46,female,23.655,1,yes,northwest
44423.803,10.70153071,55,female,35.2,0,yes,southeast
4137.5227,8.327852506,30,female,27.93,0,no,northeast
13747.87235,9.528639353,18,male,21.565,0,yes,northeast
12950.0712,9.468856565,61,male,38.38,0,no,northwest
12094.478,9.400504264,54,female,23,3,no,southwest
37484.4493,10.53168144,22,male,37.07,2,yes,southeast
39725.51805,10.58974903,45,female,30.495,1,yes,northwest
2250.8352,7.719056626,22,male,28.88,0,no,northeast
22493.65964,10.02098875,19,male,27.265,2,no,northwest
20234.85475,9.915161879,35,female,28.025,0,yes,northwest
1704.70015,7.441144509,18,male,23.085,0,no,northeast
33475.81715,10.41857858,20,male,30.685,0,yes,northeast
3161.454,8.058787327,28,female,25.8,0,no,southwest
11394.06555,9.340847933,55,male,35.245,1,no,northeast
21880.82,9.993365733,43,female,24.7,2,yes,northwest
7325.0482,8.899055014,43,female,25.08,0,no,northeast
44501.3982,10.70327589,22,male,52.58,1,yes,southeast
3594.17085,8.187068604,25,female,22.515,1,no,northwest
39727.614,10.58980179,49,male,30.9,0,yes,southwest
8023.13545,8.990084578,44,female,36.955,1,no,northwest
14394.5579,9.574605491,64,male,26.41,0,no,northeast
9288.0267,9.136481398,49,male,29.83,1,no,northeast
25309.489,10.13893466,47,male,29.8,3,yes,southwest
3353.4703,8.117750999,27,female,21.47,0,no,northwest
10594.50155,9.268090424,55,male,27.645,0,no,northwest
8277.523,9.021299048,48,female,28.9,0,no,southwest
17929.30337,9.794191713,45,female,31.79,0,no,southeast
2480.9791,7.81640856,24,female,39.49,0,no,southeast
4462.7218,8.403514128,32,male,33.82,1,no,northwest
1981.5819,7.591650744,24,male,32.01,0,no,southeast
11554.2236,9.354806329,57,male,27.94,1,no,southeast
48970.2476,10.7989682,59,male,41.14,1,yes,southeast
6548.19505,8.786944726,36,male,28.595,3,no,northwest
5708.867,8.649775859,29,female,25.6,4,no,southwest
7045.499,8.860144252,42,female,25.3,1,no,southwest
8978.1851,9.102553036,48,male,37.29,2,no,southeast
5757.41345,8.658243599,39,male,42.655,0,no,northeast
14349.8544,9.571495075,63,male,21.66,1,no,northwest
10928.849,9.299161269,54,female,31.9,1,no,southeast
39871.7043,10.59342219,37,male,37.07,1,yes,southeast
13974.45555,9.544986338,63,male,31.445,0,no,northeast
1909.52745,7.554611082,21,male,31.255,0,no,northwest
12096.6512,9.400683933,54,female,28.88,2,no,northeast
13204.28565,9.488296726,60,female,18.335,0,no,northeast
4562.8421,8.425700976,32,female,29.59,1,no,southeast
8551.347,9.053844093,47,female,32,1,no,southwest
2102.2647,7.650770471,21,male,26.03,0,no,northeast
34672.1472,10.45369197,28,male,31.68,0,yes,southeast
15161.5344,9.626516868,63,male,33.66,3,no,southeast
11884.04858,9.382952324,18,male,21.78,2,no,southeast
4454.40265,8.401648246,32,male,27.835,1,no,northwest
5855.9025,8.675205406,38,male,19.95,1,no,northwest
4076.497,8.31299332,32,male,31.5,1,no,southwest
15019.76005,9.61712195,62,female,30.495,2,no,northwest
19023.26,9.85341772,39,female,18.3,5,yes,southwest
10796.35025,9.286963416,55,male,28.975,0,no,northeast
11353.2276,9.337257353,57,male,31.54,0,no,northwest
9748.9106,9.184910824,52,male,47.74,1,no,southeast
10577.087,9.266445337,56,male,22.1,0,no,southwest
41676.0811,10.63768265,47,male,36.19,0,yes,southeast
11286.5387,9.331366029,55,female,29.83,0,no,northeast
3591.48,8.186319653,23,male,32.7,3,no,southwest
33907.548,10.43139292,22,female,30.4,0,yes,northwest
11299.343,9.332499861,50,female,33.7,4,no,southwest
4561.1885,8.425338505,18,female,31.35,4,no,northeast
44641.1974,10.70641242,51,female,34.96,2,yes,northeast
1674.6323,7.423348898,22,male,33.77,0,no,southeast
23045.56616,10.04522867,52,female,30.875,0,no,northeast
3227.1211,8.079345718,25,female,33.99,1,no,southeast
16776.30405,9.727722697,33,female,19.095,2,yes,northeast
11253.421,9.32842745,53,male,28.6,3,no,southwest
3471.4096,8.152316015,29,male,38.94,1,no,southeast
11363.2832,9.338142665,58,male,36.08,0,no,southeast
20420.60465,9.924299702,37,male,29.8,0,no,southwest
10338.9316,9.243671816,54,female,31.24,0,no,southeast
8988.15875,9.103663296,49,female,29.925,0,no,northwest
10493.9458,9.258553779,50,female,26.22,2,no,northwest
2904.088,7.973874679,26,male,30,1,no,southwest
8605.3615,9.060140718,45,male,20.35,3,no,southeast
11512.405,9.351180429,54,female,32.3,1,no,northeast
41949.2441,10.64421569,38,male,38.39,3,yes,southeast
24180.9335,10.09331973,48,female,25.85,3,yes,southeast
5312.16985,8.577755665,28,female,26.315,3,no,northwest
2396.0959,7.781595983,23,male,24.51,0,no,northeast
10807.4863,9.287994349,55,male,32.67,1,no,southeast
9222.4026,9.129390868,41,male,29.64,5,no,northeast
36124.5737,10.49472862,25,male,33.33,2,yes,southeast
38282.7495,10.55275467,33,male,35.75,1,yes,southeast
5693.4305,8.647068245,30,female,19.95,3,no,northwest
34166.273,10.43899427,23,female,31.4,0,yes,southwest
8347.1643,9.029677155,46,male,38.17,2,no,southeast
46661.4424,10.75067346,53,female,36.86,3,yes,northwest
18903.49141,9.847101915,27,female,32.395,1,no,northeast
40904.1995,10.61898801,23,female,42.75,1,yes,northeast
14254.6082,9.564835516,63,female,25.08,0,no,northwest
10214.636,9.231576873,55,male,29.9,0,no,southwest
5836.5204,8.671890076,35,female,35.86,2,no,southeast
14358.36437,9.572087934,34,male,32.8,1,no,southwest
1728.897,7.455238912,19,female,18.6,0,no,southwest
8582.3023,9.05745749,39,female,23.87,5,no,southeast
3693.428,8.214310303,27,male,45.9,2,no,southwest
20709.02034,9.93832465,57,male,40.28,0,no,northeast
9991.03765,9.209443735,52,female,18.335,0,no,northwest
19673.33573,9.887019482,28,male,33.82,0,no,northwest
11085.5868,9.313401057,50,female,28.12,3,no,northwest
7623.518,8.938993222,44,female,25,1,no,southwest
3176.2877,8.063468404,26,female,22.23,0,no,northwest
3704.3545,8.217264299,33,male,30.25,0,no,southeast
36898.73308,10.5159325,19,female,32.49,0,yes,northwest
9048.0273,9.110302035,50,male,37.07,1,no,southeast
7954.517,8.981495222,41,female,32.6,3,no,southwest
27117.99378,10.20795276,52,female,24.86,0,no,southeast
6338.0756,8.754330468,39,male,32.34,2,no,southeast
9630.397,9.172679729,50,male,32.3,2,no,southwest
11289.10925,9.331593757,52,male,32.775,3,no,northwest
52590.82939,10.87029704,60,male,32.8,0,yes,southwest
2261.5688,7.723814011,20,female,31.92,0,no,northwest
10791.96,9.286556691,55,male,21.5,1,no,southwest
5979.731,8.696130863,42,male,34.1,0,no,southwest
2203.73595,7.697909358,18,female,30.305,0,no,northeast
12235.8392,9.412124564,58,female,36.48,0,no,northwest
40941.2854,10.61989426,43,female,32.56,3,yes,southeast
5630.45785,8.635946041,35,female,35.815,1,no,northwest
11015.1747,9.307029119,48,female,27.93,4,no,northwest
7228.21565,8.885747487,36,female,22.135,3,no,northeast
39722.7462,10.58967925,19,male,44.88,0,yes,southeast
14426.07385,9.576792532,23,female,23.18,2,no,northwest
2459.7201,7.807802842,20,female,30.59,0,no,northeast
3989.841,8.291506659,32,female,41.1,0,no,southwest
7727.2532,8.952508736,43,female,34.58,1,no,northwest
5124.1887,8.541727489,34,male,42.13,2,no,southeast
18963.17192,9.850254057,30,male,38.83,1,no,southeast
2200.83085,7.696590227,18,female,28.215,0,no,northeast
7153.5539,8.875364561,41,female,28.31,1,no,northwest
5227.98875,8.561781923,35,female,26.125,0,no,northeast
10982.5013,9.304058494,57,male,40.37,0,no,southeast
4529.477,8.418361759,29,female,24.6,2,no,southwest
4670.64,8.449051386,32,male,35.2,2,no,southwest
6112.35295,8.718067076,37,female,34.105,1,no,northwest
17178.6824,9.751424499,18,male,27.36,1,yes,northeast
22478.6,10.02031902,43,female,26.7,2,yes,southwest
11093.6229,9.314125709,56,female,41.91,0,no,southeast
6457.8434,8.773050702,38,male,29.26,2,no,northwest
4433.9159,8.397038423,29,male,32.11,2,no,northwest
2154.361,7.675249439,22,female,27.1,0,no,southwest
23887.6627,10.0811174,52,female,24.13,1,yes,northwest
6496.886,8.779078264,40,female,27.4,1,no,southwest
2899.48935,7.972289914,23,female,34.865,0,no,northeast
19350.3689,9.870466763,31,male,29.81,0,yes,southeast
7650.77375,8.942562065,42,female,41.325,1,no,northeast
2850.68375,7.955314157,24,female,29.925,0,no,northwest
2632.992,7.875876121,25,female,30.3,0,no,southwest
9447.3824,9.153492987,48,female,27.36,1,no,northeast
18328.2381,9.816198215,23,female,28.49,1,yes,southeast
8603.8234,9.059961965,45,male,23.56,2,no,northeast
37465.34375,10.53117162,20,male,35.625,3,yes,northwest
13844.7972,9.535664788,62,female,32.68,0,no,northwest
21771.3423,9.988349811,43,female,25.27,1,yes,northeast
13126.67745,9.482401885,23,female,28,0,no,southwest
5327.40025,8.58061864,31,female,32.775,2,no,northwest
13725.47184,9.527008644,41,female,21.755,1,no,northeast
13019.16105,9.474177478,58,female,32.395,1,no,northeast
8671.19125,9.067761459,48,female,36.575,0,no,northwest
4134.08245,8.327020684,31,female,21.755,0,no,northwest
18838.70366,9.843668738,19,female,27.93,3,no,northwest
33307.5508,10.4135394,19,female,30.02,0,yes,northwest
5699.8375,8.648192945,41,male,33.55,0,no,southeast
6393.60345,8.763053309,40,male,29.355,1,no,northwest
4934.705,8.504048173,31,female,25.8,2,no,southwest
6198.7518,8.732103228,37,male,24.32,2,no,northwest
8733.22925,9.074890483,46,male,40.375,2,no,northwest
2055.3249,7.628189217,22,male,32.11,0,no,northwest
9964.06,9.206739898,51,male,32.3,1,no,northeast
18223.4512,9.810464571,18,female,27.28,3,yes,southeast
5116.5004,8.540225969,35,male,17.86,1,no,northwest
36910.60803,10.51625427,59,female,34.8,2,no,southwest
38415.474,10.55621563,36,male,33.4,2,yes,southwest
20296.86345,9.918221643,37,female,25.555,1,yes,northeast
12347.172,9.421182328,59,male,37.1,1,no,southwest
5373.36425,8.589209481,36,male,30.875,1,no,northwest
23563.01618,10.06743365,39,male,34.1,2,no,southeast
1702.4553,7.439826782,18,male,21.47,0,no,northeast
10806.839,9.287934453,52,female,33.3,2,no,southwest
3956.07145,8.283006754,27,female,31.255,1,no,northwest
12890.05765,9.464211568,18,male,39.14,0,no,northeast
5415.6612,8.597050257,40,male,25.08,0,no,southeast
4058.1161,8.30847413,29,male,37.29,2,no,southeast
41661.602,10.63733517,46,female,34.6,1,yes,southwest
7537.1639,8.92760125,38,female,30.21,3,no,northwest
4718.20355,8.459183402,30,female,21.945,1,no,northeast
6593.5083,8.793840853,40,male,24.97,2,no,southeast
8442.667,9.041053533,50,male,25.3,0,no,southeast
26125.67477,10.17067382,20,female,24.42,0,yes,southeast
6858.4796,8.833241064,41,male,23.94,1,no,northeast
4795.6568,8.475465954,33,female,39.82,1,no,southeast
6640.54485,8.800949295,38,male,16.815,2,no,northeast
7162.0122,8.876546254,42,male,37.18,2,no,southeast
10594.2257,9.268064386,56,male,34.43,0,no,southeast
11938.25595,9.387503308,58,male,30.305,0,no,northeast
60021.39897,11.00245643,52,male,34.485,3,yes,northwest
20167.33603,9.911819546,20,female,21.8,0,yes,southwest
12479.70895,9.43185932,54,female,24.605,3,no,northwest
11345.519,9.336578143,58,male,23.3,0,no,southwest
8515.7587,9.049673691,45,female,27.83,2,no,southeast
2699.56835,7.900847169,26,male,31.065,0,no,northwest
14449.8544,9.578439617,63,female,21.66,0,no,northeast
12224.35085,9.411185213,58,female,28.215,0,no,northwest
6985.50695,8.851592846,37,male,22.705,3,no,northeast
3238.4357,8.082845684,25,female,42.13,1,no,southeast
47269.854,10.76362804,52,male,41.8,2,yes,southeast
49577.6624,10.81129566,64,male,36.96,2,yes,southeast
4296.2712,8.365502763,22,female,21.28,3,no,northwest
3171.6149,8.061996169,28,female,33.11,0,no,southeast
1135.9407,7.035216397,18,male,33.33,0,no,southeast
5615.369,8.633262582,28,male,24.3,5,no,southwest
9101.798,9.116227255,45,female,25.7,3,no,southwest
6059.173,8.709328601,33,male,29.4,4,no,southwest
1633.9618,7.398762897,18,female,39.82,0,no,southeast
37607.5277,10.53495951,32,male,33.63,1,yes,northeast
18648.4217,9.833516794,24,male,29.83,0,yes,northeast
1241.565,7.12412796,19,male,19.8,0,no,southwest
16232.847,9.694792061,20,male,27.3,0,yes,southwest
15828.82173,9.669587717,40,female,29.3,4,no,southwest
4415.1588,8.392799081,34,female,27.72,0,no,southeast
6474.013,8.775551443,42,female,37.9,0,no,southwest
11436.73815,9.344586098,51,female,36.385,3,no,northwest
11305.93455,9.333083048,54,female,27.645,1,no,northwest
30063.58055,10.31106977,55,male,37.715,3,no,northwest
10197.7722,9.229924564,52,female,23.18,0,no,northeast
4544.2348,8.421614632,32,female,20.52,0,no,northeast
3277.161,8.094732778,28,male,37.1,1,no,southwest
6770.1925,8.8202848,41,female,28.05,1,no,southeast
7337.748,8.900787263,43,female,29.9,1,no,southwest
10370.91255,9.246760296,49,female,33.345,2,no,northeast
26926.5144,10.20086675,64,male,23.76,0,yes,southeast
10704.47,9.27841669,55,female,30.5,0,no,southwest
34254.05335,10.44156018,24,male,31.065,0,yes,northeast
1880.487,7.539286065,20,female,33.3,0,no,southwest
8615.3,9.061294971,45,male,27.5,3,no,southwest
3292.52985,8.0994115,26,male,33.915,1,no,northwest
3021.80915,8.013610987,25,female,34.485,0,no,northwest
14478.33015,9.580408338,43,male,25.52,5,no,southeast
4747.0529,8.465279262,35,male,27.61,1,no,southeast
17043.3414,9.743514873,26,male,27.06,0,yes,southeast
10959.33,9.301946427,57,male,23.7,0,no,southwest
2741.948,7.916423896,22,female,30.4,0,no,northeast
4357.04365,8.379549044,32,female,29.735,0,no,northwest
22462.04375,10.01958222,39,male,29.925,1,yes,northeast
4189.1131,8.34024432,25,female,26.79,2,no,northwest
8283.6807,9.022042678,48,female,33.33,0,no,southeast
24535.69855,10.10788442,47,female,27.645,2,yes,northwest
14283.4594,9.566857461,18,female,21.66,0,yes,northeast
1720.3537,7.450285188,18,male,30.03,1,no,southeast
47403.88,10.76645936,61,male,36.3,1,yes,southwest
8534.6718,9.051892181,47,female,24.32,0,no,northeast
3732.6251,8.224867045,28,female,17.29,0,no,northeast
5472.449,8.60748151,36,female,25.9,1,no,southwest
38344.566,10.5543681,20,male,39.4,2,yes,southwest
7147.4728,8.874514119,44,male,34.32,1,no,southeast
7133.9025,8.872613699,38,female,19.95,2,no,northeast
34828.654,10.45819572,19,male,34.9,0,yes,southwest
1515.3449,7.323398349,21,male,23.21,0,no,southeast
9301.89355,9.137973266,46,male,25.745,3,no,northwest
11931.12525,9.386905832,58,male,25.175,0,no,northeast
1964.78,7.583135559,20,male,22,1,no,southwest
1708.92575,7.443620236,18,male,26.125,0,no,northeast
4340.4409,8.375731212,28,female,26.51,2,no,southeast
5261.46945,8.56816563,33,male,27.455,2,no,northwest
2710.82855,7.905009605,19,female,25.745,1,no,northwest
62592.87309,11.0444067,45,male,30.36,0,yes,southeast
46718.16325,10.7518883,62,male,30.875,3,yes,northwest
3208.787,8.073648263,25,female,20.8,1,no,southwest
37829.7242,10.54085043,43,male,27.8,0,yes,southwest
21259.37795,9.964553392,42,male,24.605,2,yes,northeast
2464.6188,7.809792429,24,female,27.72,0,no,southeast
16115.3045,9.68752469,29,female,21.85,0,yes,northeast
21472.4788,9.974527338,32,male,28.12,4,yes,northwest
33900.653,10.43118956,25,female,30.2,0,yes,southwest
6875.961,8.835786695,41,male,32.2,2,no,southwest
6940.90985,8.845188147,42,male,26.315,1,no,northwest
4571.41305,8.427577637,33,female,26.695,0,no,northwest
4536.259,8.419857943,34,male,42.9,1,no,southwest
36397.576,10.50225746,19,female,34.7,2,yes,southwest
18765.87545,9.839795364,30,female,23.655,3,yes,northwest
11272.33139,9.330106453,18,male,28.31,1,no,northeast
1731.677,7.456845582,19,female,20.6,0,no,southwest
1163.4627,7.059155924,18,male,53.13,0,no,southeast
19496.71917,9.878001483,35,male,39.71,4,no,northeast
7201.70085,8.882072506,39,female,26.315,2,no,northwest
5425.02335,8.598777483,31,male,31.065,3,no,northwest
28101.33305,10.24357229,62,male,26.695,0,yes,northeast
12981.3457,9.47126866,62,male,38.83,0,no,southeast
43896.3763,10.68958705,42,female,40.37,2,yes,southeast
4239.89265,8.35229323,31,male,25.935,1,no,northwest
13143.33665,9.483670191,61,male,33.535,0,no,northeast
7050.0213,8.860785917,42,female,32.87,0,no,northeast
9377.9047,9.146111638,51,male,30.03,1,no,southeast
22395.74424,10.01662623,23,female,24.225,2,no,northeast
10325.206,9.242343369,52,male,38.6,2,no,southwest
12629.1656,9.443764148,57,female,25.74,2,no,southeast
10795.93733,9.286925169,23,female,33.4,0,no,southwest
11411.685,9.342393109,52,female,44.7,3,no,southwest
10600.5483,9.268661005,50,male,30.97,3,no,northwest
2205.9808,7.698927496,18,female,31.92,0,no,northeast
1629.8335,7.396233141,18,female,36.85,0,no,southeast
2007.945,7.60486709,21,female,25.8,0,no,southwest
29141.3603,10.27991376,61,female,29.07,0,yes,northwest
